<?xml version="1.0" encoding="UTF-8"?>
<templates xml:space="preserve">
    <t t-name="ProductItem" t-inherit="point_of_sale.ProductItem" t-inherit-mode="extension" owl="1">
        <xpath expr="//article[hasclass('product')]" position="inside">
            <t t-if="env.pos.config.is_display_stock">
                <div class="stock-info">
                    <t t-if="env.pos.config.stock_type == 'qty_on_hand' or env.pos.config.stock_type == 'both'">
                        <div t-att-class="{'display_qty': true, 'not-available': props.product.qty_available &lt;= 0}">
                            <t t-esc="props.product.qty_available"/>
                        </div>
                    </t>
                    <t t-if="env.pos.config.stock_type == 'virtual_qty' or env.pos.config.stock_type == 'both'">
                        <div t-att-class="{'display_virtual': true, 'not-available': props.product.virtual_available &lt;= 0}">
                            <t t-esc="props.product.virtual_available"/>
                        </div>
                    </t>
                </div>
            </t>
        </xpath>
    </t>
</templates>