<?xml version="1.0" ?>
<data noupdate="1">

    <record model="project.gtd.context" id="context_office">
        <field name="name">Office</field>
        <field name="sequence">0</field>
    </record>
    <record model="project.gtd.context" id="context_travel">
        <field name="name">Travel</field>
        <field name="sequence">2</field>
    </record>

    <record model="project.gtd.timebox" id="timebox_daily">
        <field name="name">Today</field>
        <field name="sequence">0</field>
    </record>
    <record model="project.gtd.timebox" id="timebox_weekly">
        <field name="name">This Week</field>
        <field name="sequence">10</field>
    </record>
    <record model="project.gtd.timebox" id="timebox_lt">
        <field name="name">Long Term</field>
        <field name="sequence">20</field>
    </record>

    <!-- notify all employees of module installation -->
    <record model="mail.message" id="module_install_notification">
        <field name="model">mail.channel</field>
        <field name="res_id" ref="mail.channel_all_employees" />
        <field name="message_type">notification</field>
        <field name="subtype_id" ref="mail.mt_comment" />
        <field name="subject">Todo Lists application installed!</field>
        <field
            name="body"
        ><![CDATA[<p>Add todo items on project tasks, to help you organize your work.</p><p>
This application supports the Getting Things Done (GTD) methodology, based on David Allen's book.</p>]]></field>
    </record>

</data>
